EmployeeId,FirstName,MiddleName,LastName,Initials,Sex,Language,PhoneNumber,EmailAddress,LoginName,AddressId,StartDate,EndDate,Currency,SalaryAmount,AccountNumber,BankId,BankName,EmployeePicURL,ManagerId,OrgUnitId
19,Jonathan,,East,,M,E,,jonathan.east@itelo.info,EASTJ,1000000020,1/1/2000,12/31/9999,USD,55427,6655443322,121000358,My Bank of San Francisco,/SAP/PUBLIC/BC/NWDEMO_MODEL/IMAGES/male_12_EastJ.jpg,22,3
22,Anna,,Lerch,,F,E,,anna.lerch@itelo.info,LERCHA,1000000023,1/1/2000,12/31/9999,USD,58768,5566778899,26005885,My Bank of New York,/SAP/PUBLIC/BC/NWDEMO_MODEL/IMAGES/female_5_LerchA.jpg,23,2
23,Clark,,Kent,,M,E,,clark.kent@itelo.info,KENTC,1000000024,1/1/2000,12/31/9999,USD,57000,3344556677,26005885,My Bank of New York,/SAP/PUBLIC/BC/NWDEMO_MODEL/IMAGES/male_18_KentC.jpg,,1
24,Catherine,,Jones,,F,E,,catherine.jones@itelo.info,JONESC,1000000025,1/1/2000,12/31/9999,USD,59000,4455667788,26005885,My Bank of New York,/SAP/PUBLIC/BC/NWDEMO_MODEL/IMAGES/female_12_JonesC.jpg,23,20
25,Peter,,Douglas,,M,E,,peter.douglas@itelo.info,DOUGLASP,1000000026,1/1/2000,12/31/9999,USD,1500000,666777888,510000655,My Bank of Antioch,/SAP/PUBLIC/BC/NWDEMO_MODEL/IMAGES/male_8_DouglasP.jpg,24,20
26,Frank,,Brown,,M,E,,frank.brown@itelo.info,BROWNF,1000000027,1/1/2000,12/31/9999,USD,53021,6677889900,26005885,My Bank of New York,/SAP/PUBLIC/BC/NWDEMO_MODEL/IMAGES/male_17_BrownF.jpg,24,20
27,Barbara,,Ingalls,,F,E,,barbara.ingalls@itelo.info,INGALLSB,1000000028,1/1/2000,12/31/9999,USD,63443,4433221100,121000358,My Bank of San Francisco,/SAP/PUBLIC/BC/NWDEMO_MODEL/IMAGES/female_3_IngallsB.jpg,24,20
29,Mary,,Watson,,F,E,,mary.watson@itelo.info,WATSONM,1000000030,1/1/2000,12/31/9999,USD,64222,43210987,66665555,My Bank of London,/SAP/PUBLIC/BC/NWDEMO_MODEL/IMAGES/female_13_WatsonM.jpg,23,16
30,Karl,,Kessler,,M,E,,karl.kessler@itelo.info,KESSLERK,1000000031,1/1/2000,12/31/9999,USD,97455,7788990011,26005885,My Bank of New York,/SAP/PUBLIC/BC/NWDEMO_MODEL/IMAGES/male_21_KesslerK.jpg,23,17
31,Nora,,Dwyer,,F,E,,nora.dwyer@itelo.info,DWYERN,1000000032,1/1/2000,12/31/9999,USD,50000,0013M02606,10100,établissement financier de Paris,/SAP/PUBLIC/BC/NWDEMO_MODEL/IMAGES/female_14_DwyerN.jpg,23,18
32,Richard,,Fisher,,F,E,,fisher.richard@itelo.info,FISHERR,1000000033,1/1/2000,12/31/9999,EUR,67234,567890123,99999888,Deutsches Geldinstitut,/SAP/PUBLIC/BC/NWDEMO_MODEL/IMAGES/male_25_FisherR.jpg,23,19
10,Michael,,Miller,,M,E,,michael.miller@itelo.info,DMM161_MILLERM,1000000011,1/1/2000,12/31/9999,USD,86574,76543210,66665555,My Bank of London,/SAP/PUBLIC/BC/NWDEMO_MODEL/IMAGES/male_9_MillerM.jpg,22,14
3,Franco,,Fall,,M,E,,franco.fall@itelo.info,DMM161_FALLF,1000000004,1/1/2000,12/31/9999,USD,85962,8877665544,121000358,My Bank of San Francisco,/SAP/PUBLIC/BC/NWDEMO_MODEL/IMAGES/male_2_FallF.jpg,11,13
4,Walter,,Winter,,M,E,,walter.winter@itelo.info,DMM161_WINTERW,1000000005,1/1/2000,12/31/9999,USD,68597,7766554433,121000358,My Bank of San Francisco,/SAP/PUBLIC/BC/NWDEMO_MODEL/IMAGES/male_1_WinterW.jpg,11,13
7,Viola,Sarah,Gains,,F,E,+1 224 374 522,viola.gains@itelo.info,DMM161_GAINSV,1000000008,1/1/2000,12/31/9999,USD,110962,222333444,510000655,My Bank of Antioch,/SAP/PUBLIC/BC/NWDEMO_MODEL/IMAGES/female_2_GainsV.jpg,11,13
11,John,,Nicols,,M,E,,john.nicols@itelo.info,DMM161_NICOLSJ,1000000012,1/1/2000,12/31/9999,USD,61579,87654321,66665555,My Bank of London,/SAP/PUBLIC/BC/NWDEMO_MODEL/IMAGES/male_7_NicolsJ.jpg,22,13
28,Peter,,Fuchs,,M,E,,peter.fuchs@itelo.info,DMM161_FUCHSP,1000000029,1/1/2000,12/31/9999,USD,71344,65432109,66665555,My Bank of London,/SAP/PUBLIC/BC/NWDEMO_MODEL/IMAGES/male_20_FuchsP.jpg,23,15
13,Joanne,,Rush,,F,E,,joanne.rush@itelo.info,DMM161_RUSHJ,1000000014,1/1/2000,12/31/9999,USD,70000,345678901,99999888,Deutsches Geldinstitut,/SAP/PUBLIC/BC/NWDEMO_MODEL/IMAGES/female_1_RushJ.jpg,22,12
2,Susan,,Summer,,F,E,,susan.summer@itelo.info,DMM161_SUMMERS,1000000003,1/1/2000,12/31/9999,USD,76239,9988776655,121000358,My Bank of San Francisco,/SAP/PUBLIC/BC/NWDEMO_MODEL/IMAGES/female_7_SummerS.jpg,16,11
6,John,,Dash,,M,E,,john.dash@itelo.info,DMM161_DASHJ,1000000007,1/1/2000,12/31/9999,USD,72691,5544332211,121000358,My Bank of San Francisco,/SAP/PUBLIC/BC/NWDEMO_MODEL/IMAGES/male_11_DashJ.jpg,16,11
16,Hermann,,Hecker,,M,E,,hermann.hecker@itelo.info,DMM161_HECKERH,1000000017,1/1/2000,12/31/9999,USD,39874,123456789,99999888,Deutsches Geldinstitut,/SAP/PUBLIC/BC/NWDEMO_MODEL/IMAGES/male_16_HeckerH.jpg,22,11
12,John,,Smith,,M,E,,john.smith@itelo.info,DMM161_SMITHJO,1000000013,1/1/2000,12/31/9999,USD,60350,98765432,66665555,My Bank of London,/SAP/PUBLIC/BC/NWDEMO_MODEL/IMAGES/male_3_SmithJo.jpg,15,10
15,James,,Field,,M,E,+1 224 374 526,james.field@itelo.info,DMM161_FIELDJ,1000000016,1/1/2000,12/31/9999,USD,76395,32109876,66665555,My Bank of London,/SAP/PUBLIC/BC/NWDEMO_MODEL/IMAGES/male_5_FieldJ.jpg,21,10
1,Sally,,Spring,,F,E,+1 224 374 524,sally.spring@itelo.info,DMM161_SPRINGS,1000000002,1/1/2000,12/31/9999,USD,55549,111222333,510000655,My Bank of Antioch,/SAP/PUBLIC/BC/NWDEMO_MODEL/IMAGES/female_8_SpringS.jpg,9,5
9,Paul,,Burke,,M,E,+1 224 374 523,paul.burke@itelo.info,DMM161_BURKEP,1000000010,1/1/2000,12/31/9999,USD,100491,333444555,510000655,My Bank of Antioch,/SAP/PUBLIC/BC/NWDEMO_MODEL/IMAGES/male_4_BurkeP.jpg,19,5
5,Maria,,Hicks,,F,E,,maria.hicks@itelo.info,DMM161_HICKSM,1000000006,1/1/2000,12/31/9999,USD,49876,1122334455,26005885,My Bank of New York,/SAP/PUBLIC/BC/NWDEMO_MODEL/IMAGES/female_10_HicksM.jpg,8,6
8,Randy,,Gordon,,M,E,,randy.gordon@itelo.info,DMM161_GORDONR,1000000009,1/1/2000,12/31/9999,USD,81463,2233445566,26005885,My Bank of New York,/SAP/PUBLIC/BC/NWDEMO_MODEL/IMAGES/male_10_GordonR.jpg,19,6
21,Megan,,Wang,,F,E,,megan.wang@itelo.info,DMM161_WANGM,1000000022,1/1/2000,12/31/9999,USD,57985,54321098,66665555,My Bank of London,/SAP/PUBLIC/BC/NWDEMO_MODEL/IMAGES/female_4_WangM.jpg,22,7
14,Sue,,Bay,,F,E,+1 224 374 525,sue.bay@itelo.info,DMM161_BAYSU,1000000015,1/1/2000,12/31/9999,USD,98631,99887766,121000358,My Bank of San Francisco,/SAP/PUBLIC/BC/NWDEMO_MODEL/IMAGES/female_6_BaySu.jpg,18,4
18,Al,,Wallace,,M,E,,al.wallace@itelo.info,DMM161_WALLACEA,1000000019,1/1/2000,12/31/9999,USD,55426,1100998877,121000358,My Bank of San Francisco,/SAP/PUBLIC/BC/NWDEMO_MODEL/IMAGES/male_13_WallaceA.jpg,19,4
17,Rudolf,,Platte,,M,E,,rudolf.platte@itelo.info,DMM161_PLATTER,1000000018,1/1/2000,12/31/9999,USD,45983,234567890,99999888,Deutsches Geldinstitut,/SAP/PUBLIC/BC/NWDEMO_MODEL/IMAGES/male_15_PlatteR.jpg,20,8
20,James,,Smith,,M,E,,james.smith@itelo.info,DMM161_SMITHJ,1000000021,1/1/2000,12/31/9999,USD,38761,456789012,99999888,Deutsches Geldinstitut,/SAP/PUBLIC/BC/NWDEMO_MODEL/IMAGES/male_14_SmithJ.jpg,21,8
